headword_english,pos_raw,definition_raw,source_image,source_text,decision,notes
"Ba","hloli.","éa.","/Users/bonzysalesman/Project/PUO-AI/ocr_splits/casalis_b/page_028_left.png","page_028_left.txt","",""
"Bachful","adj.","e hooi, e |i-blong.","/Users/bonzysalesman/Project/PUO-AI/ocr_splits/casalis_b/page_021_right.png","page_021_right.txt","",""
"Bali","v.","ho nyamdlotsa; to be blistered, ho bu-; luloha.","/Users/bonzysalesman/Project/PUO-AI/ocr_splits/casalis_b/page_026_right.png","page_026_right.txt","",""
"Bane","prep.","ka baka la. a, Beckon, y. ho hoéhla, khna-tha, g. Become, v. (to befit) ho l6kéla, PAL tsuanéla; (to change into) ho fetoha, fetohela; he became mad, a feto-ha lehlanya. le Becoming, adj. e loketseng, e tSuanetseng.","/Users/bonzysalesman/Project/PUO-AI/ocr_splits/casalis_b/page_022_right.png","page_022_right.txt","",""
"Banknote","n.","chelete ea pa1","/Users/bonzysalesman/Project/PUO-AI/ocr_splits/casalis_b/page_021_left.png","page_021_left.txt","",""
"Bankrupt","adj.","and n. en sitoang ho lefa melato | ea hae.","/Users/bonzysalesman/Project/PUO-AI/ocr_splits/casalis_b/page_021_left.png","page_021_left.txt","",""
"Banner","n.","flaga.","/Users/bonzysalesman/Project/PUO-AI/ocr_splits/casalis_b/page_021_left.png","page_021_left.txt","",""
"Banquet","n.","sebdka se sehdlé sa liyo, selallo se seholo.","/Users/bonzysalesman/Project/PUO-AI/ocr_splits/casalis_b/page_021_left.png","page_021_left.txt","",""
"Banter","n.","litseho, mosuaso.,","/Users/bonzysalesman/Project/PUO-AI/ocr_splits/casalis_b/page_021_left.png","page_021_left.txt","",""
"Baptise","v.","ho kolobetsa.","/Users/bonzysalesman/Project/PUO-AI/ocr_splits/casalis_b/page_021_left.png","page_021_left.txt","",""
"Baptism","n.","kolobetso.","/Users/bonzysalesman/Project/PUO-AI/ocr_splits/casalis_b/page_021_left.png","page_021_left.txt","",""
"Bar","v.","ho kualla, thibéla, |","/Users/bonzysalesman/Project/PUO-AI/ocr_splits/casalis_b/page_021_left.png","page_021_left.txt","",""
"Barbed","adj.","e nang te lintlha | tse hlabang, e meut)ua.","/Users/bonzysalesman/Project/PUO-AI/ocr_splits/casalis_b/page_021_left.png","page_021_left.txt","",""
"Barber","n.","‘medi.","/Users/bonzysalesman/Project/PUO-AI/ocr_splits/casalis_b/page_021_left.png","page_021_left.txt","",""
"Bare","adj.","e hidbidtseng, eo","/Users/bonzysalesman/Project/PUO-AI/ocr_splits/casalis_b/page_021_left.png","page_021_left.txt","",""
"Barefooted","adj.","ea sv roaleng Héta.","/Users/bonzysalesman/Project/PUO-AI/ocr_splits/casalis_b/page_021_left.png","page_021_left.txt","",""
"Barely","adv.","IT hare barely enongh memey, ke bathe ke sé na chelete e leka-nang. Bark, ¥. (of a dog) ho boho-","/Users/bonzysalesman/Project/PUO-AI/ocr_splits/casalis_b/page_021_left.png","page_021_left.txt","",""
"Bark","n.","(of a tree) Iekha-","/Users/bonzysalesman/Project/PUO-AI/ocr_splits/casalis_b/page_021_left.png","page_021_left.txt","",""
"Bark","n.","(a ship) sekepe.","/Users/bonzysalesman/Project/PUO-AI/ocr_splits/casalis_b/page_021_left.png","page_021_left.txt","",""
"Barley","vn.","garese.","/Users/bonzysalesman/Project/PUO-AI/ocr_splits/casalis_b/page_021_left.png","page_021_left.txt","",""
"Barrel","n.","(a cask} faki; (of a gun) lopo, koto ea sethunya.","/Users/bonzysalesman/Project/PUO-AI/ocr_splits/casalis_b/page_021_right.png","page_021_right.txt","",""
"Barren","adj.","(of things) e nyé-","/Users/bonzysalesman/Project/PUO-AI/ocr_splits/casalis_b/page_021_right.png","page_021_right.txt","",""
"Barrenness","n.","bonyGpi.","/Users/bonzysalesman/Project/PUO-AI/ocr_splits/casalis_b/page_021_right.png","page_021_right.txt","",""
"Barricade","n.","lerako le etse-litsoeng ho loana, lehéra.","/Users/bonzysalesman/Project/PUO-AI/ocr_splits/casalis_b/page_021_right.png","page_021_right.txt","",""
"Barter","v.","ho réka, rekisa, bapatsa.","/Users/bonzysalesman/Project/PUO-AI/ocr_splits/casalis_b/page_021_right.png","page_021_right.txt","",""
"Barve","v.","ho hlobdlisa","/Users/bonzysalesman/Project/PUO-AI/ocr_splits/casalis_b/page_021_left.png","page_021_left.txt","",""
"Base","n.","(foundation) motheo; (of the human voice) \e-ntsue la tlase pineng; v. ho théa.","/Users/bonzysalesman/Project/PUO-AI/ocr_splits/casalis_b/page_021_right.png","page_021_right.txt","",""
"Basin","n.","(a vessel) morifi, mokéké, lefisoana.","/Users/bonzysalesman/Project/PUO-AI/ocr_splits/casalis_b/page_021_right.png","page_021_right.txt","",""
"Basix","n.","mothéo, seluto.","/Users/bonzysalesman/Project/PUO-AI/ocr_splits/casalis_b/page_021_right.png","page_021_right.txt","",""
"Bask","v.","(to enjoy the heat) ho ora letsatsing, ho n-thamela.","/Users/bonzysalesman/Project/PUO-AI/ocr_splits/casalis_b/page_021_right.png","page_021_right.txt","",""
"Basket","vn.","serdoté, setlatla; (a large basket) sesin; (a basket with a lid) se-thats.","/Users/bonzysalesman/Project/PUO-AI/ocr_splits/casalis_b/page_021_right.png","page_021_right.txt","",""
"Bastard","n.","ea tsnetso bonyatsing.","/Users/bonzysalesman/Project/PUO-AI/ocr_splits/casalis_b/page_022_left.png","page_022_left.txt","",""
"Bat","n.","‘mankhane.","/Users/bonzysalesman/Project/PUO-AI/ocr_splits/casalis_b/page_022_left.png","page_022_left.txt","",""
"Batch","n.","sehlopha.","/Users/bonzysalesman/Project/PUO-AI/ocr_splits/casalis_b/page_022_left.png","page_022_left.txt","",""
"Bath","n.","morifi o mohélé— tSepe oa ho iphotla),","/Users/bonzysalesman/Project/PUO-AI/ocr_splits/casalis_b/page_022_left.png","page_022_left.txt","",""
"Battalion","n.","lekhotla la n sole","/Users/bonzysalesman/Project/PUO-AI/ocr_splits/casalis_b/page_022_left.png","page_022_left.txt","",""
"Battery","n.","sehlopha sa kanono.","/Users/bonzysalesman/Project/PUO-AI/ocr_splits/casalis_b/page_022_left.png","page_022_left.txt","",""
"Battle","n.","ntoa, phapar qabang.","/Users/bonzysalesman/Project/PUO-AI/ocr_splits/casalis_b/page_022_left.png","page_022_left.txt","",""
"Bawl","v.","ho meketsa. he héeletsa.","/Users/bonzysalesman/Project/PUO-AI/ocr_splits/casalis_b/page_022_left.png","page_022_left.txt","",""
"Bay","a.","(of the sea) kon | leoatle.","/Users/bonzysalesman/Project/PUO-AI/ocr_splits/casalis_b/page_022_left.png","page_022_left.txt","",""
"Bay","v.","ho behéla.","/Users/bonzysalesman/Project/PUO-AI/ocr_splits/casalis_b/page_022_left.png","page_022_left.txt","",""
"Be","v.","ho ba","/Users/bonzysalesman/Project/PUO-AI/ocr_splits/casalis_b/page_022_left.png","page_022_left.txt","",""
"Beach","n.","lebdpo Ja leoatle nang le lehlabathe.","/Users/bonzysalesman/Project/PUO-AI/ocr_splits/casalis_b/page_022_left.png","page_022_left.txt","",""
"Beacon","n.","mokdélékotoane.","/Users/bonzysalesman/Project/PUO-AI/ocr_splits/casalis_b/page_022_left.png","page_022_left.txt","",""
"Bead","n.","sefaha, tona.","/Users/bonzysalesman/Project/PUO-AI/ocr_splits/casalis_b/page_022_left.png","page_022_left.txt","",""
"Beak","n.","molomo oa nonyan:","/Users/bonzysalesman/Project/PUO-AI/ocr_splits/casalis_b/page_022_left.png","page_022_left.txt","",""
"Beam","v.","ho benya, khany:","/Users/bonzysalesman/Project/PUO-AI/ocr_splits/casalis_b/page_022_left.png","page_022_left.txt","",""
"Beam","n.","(timber) balaka.","/Users/bonzysalesman/Project/PUO-AI/ocr_splits/casalis_b/page_022_left.png","page_022_left.txt","",""
"Bean","n.","naoa.","/Users/bonzysalesman/Project/PUO-AI/ocr_splits/casalis_b/page_022_left.png","page_022_left.txt","",""
"Bear","y.","(to carry) ho yara sikaia; (to suffer) I mamélla; (40 produce, ho tsuala, béa lithéloana","/Users/bonzysalesman/Project/PUO-AI/ocr_splits/casalis_b/page_022_left.png","page_022_left.txt","",""
"Bearer","n.","moyari, lengosa","/Users/bonzysalesman/Project/PUO-AI/ocr_splits/casalis_b/page_022_right.png","page_022_right.txt","",""
"Beast","n.","phoofolo.","/Users/bonzysalesman/Project/PUO-AI/ocr_splits/casalis_b/page_022_right.png","page_022_right.txt","",""
"Beat","v.","(to knock) ho otla, (oa bata, shapa, khoboke-tsa; (to overcome) ho hlola; (fo strike often)","/Users/bonzysalesman/Project/PUO-AI/ocr_splits/casalis_b/page_022_right.png","page_022_right.txt","",""
"Beautiful","adj.","e ntle. hiBeauty, n. botle, machosi,","/Users/bonzysalesman/Project/PUO-AI/ocr_splits/casalis_b/page_022_right.png","page_022_right.txt","",""
"Because","conj.","kahobane, ke-","/Users/bonzysalesman/Project/PUO-AI/ocr_splits/casalis_b/page_022_right.png","page_022_right.txt","",""
"Bed","n.","malao, liphate, tao, bete. 1 —Bedelothes, n. plur. masela, le mephoso ea bete, me-","/Users/bonzysalesman/Project/PUO-AI/ocr_splits/casalis_b/page_022_right.png","page_022_right.txt","",""
"Bed","ho.","shua bohatsu.","/Users/bonzysalesman/Project/PUO-AI/ocr_splits/casalis_b/page_024_left.png","page_024_left.txt","",""
"Bedding","n.","bete le ntho tso-hle tsa eona, malao, mealo, » Bedridden, adj. e sa tloheng ) liphateng ka baka la ho ) kula.","/Users/bonzysalesman/Project/PUO-AI/ocr_splits/casalis_b/page_022_right.png","page_022_right.txt","",""
"Bedroom","n.","phaposi, kemere","/Users/bonzysalesman/Project/PUO-AI/ocr_splits/casalis_b/page_022_right.png","page_022_right.txt","",""
"Bedstead","n.","bete. B","/Users/bonzysalesman/Project/PUO-AI/ocr_splits/casalis_b/page_023_left.png","page_023_left.txt","",""
"Bedtime","vn.","nako ea ho yo-","/Users/bonzysalesman/Project/PUO-AI/ocr_splits/casalis_b/page_023_left.png","page_023_left.txt","",""
"Bee","w.","notsi, semana B","/Users/bonzysalesman/Project/PUO-AI/ocr_splits/casalis_b/page_023_left.png","page_023_left.txt","",""
"Bee-hive","n.","ntld ea linotsi.","/Users/bonzysalesman/Project/PUO-AI/ocr_splits/casalis_b/page_023_left.png","page_023_left.txt","",""
"Beer","n.","(light beer) \eting; (strong beer) yoala. B","/Users/bonzysalesman/Project/PUO-AI/ocr_splits/casalis_b/page_023_left.png","page_023_left.txt","",""
"Bees","un.","nama ea khomsd ha e hlabiloe. B","/Users/bonzysalesman/Project/PUO-AI/ocr_splits/casalis_b/page_023_left.png","page_023_left.txt","",""
"Beet","n.","sehoete (se sefubelu) B","/Users/bonzysalesman/Project/PUO-AI/ocr_splits/casalis_b/page_023_left.png","page_023_left.txt","",""
"Beetle","n.","Kokoanyana. b","/Users/bonzysalesman/Project/PUO-AI/ocr_splits/casalis_b/page_023_left.png","page_023_left.txt","",""
"Befall","v.","ho hlahéla, oéla holimo B","/Users/bonzysalesman/Project/PUO-AI/ocr_splits/casalis_b/page_023_left.png","page_023_left.txt","",""
"Befit","v.","ho téuandla, l6kéla.","/Users/bonzysalesman/Project/PUO-AI/ocr_splits/casalis_b/page_023_left.png","page_023_left.txt","",""
"Beforclamd","adv.","pele, ka-","/Users/bonzysalesman/Project/PUO-AI/ocr_splits/casalis_b/page_023_left.png","page_023_left.txt","",""
"Before","prep.","pel'a, kapele ho; B","/Users/bonzysalesman/Project/PUO-AI/ocr_splits/casalis_b/page_023_left.png","page_023_left.txt","",""
"Befriend","vy.","ho etsa e mong B ka setsualle, ho thusa.","/Users/bonzysalesman/Project/PUO-AI/ocr_splits/casalis_b/page_023_left.png","page_023_left.txt","",""
"Beget","v.","ho tsuala, beléhn","/Users/bonzysalesman/Project/PUO-AI/ocr_splits/casalis_b/page_023_left.png","page_023_left.txt","",""
"Beggar","wn.","mokopi, mokoki. B","/Users/bonzysalesman/Project/PUO-AI/ocr_splits/casalis_b/page_023_left.png","page_023_left.txt","",""
"Beginning","n.","qalo, yalého, & téimdldhin.","/Users/bonzysalesman/Project/PUO-AI/ocr_splits/casalis_b/page_023_left.png","page_023_left.txt","",""
"Begrndgr","v.","ho lw méihono I","/Users/bonzysalesman/Project/PUO-AI/ocr_splits/casalis_b/page_023_left.png","page_023_left.txt","",""
"Bell","n.","senyepa, leqhama,","/Users/bonzysalesman/Project/PUO-AI/ocr_splits/casalis_b/page_024_left.png","page_024_left.txt","",""
"Below","prep.","tlas'a, katlase,","/Users/bonzysalesman/Project/PUO-AI/ocr_splits/casalis_b/page_024_left.png","page_024_left.txt","",""
"Bench","n.","(a seat) setulo; (the court) baahl6oli; (a table) taféle ea ho bétla.","/Users/bonzysalesman/Project/PUO-AI/ocr_splits/casalis_b/page_024_left.png","page_024_left.txt","",""
"Beneath","pvep.","tlas'a, ka-","/Users/bonzysalesman/Project/PUO-AI/ocr_splits/casalis_b/page_024_left.png","page_024_left.txt","",""
"Benediction","n.","hlohonolofalo, hlohonolofatso.","/Users/bonzysalesman/Project/PUO-AI/ocr_splits/casalis_b/page_024_left.png","page_024_left.txt","",""
"Beneficent","adj.","ea molemo, ea fanang.","/Users/bonzysalesman/Project/PUO-AI/ocr_splits/casalis_b/page_024_left.png","page_024_left.txt","",""
"Benefit","n.","molemo, thuso; v. (to do good) ho thusa, ho hlahisa molemo; (to gain advantage) ho fu-mana molemo, ho tsnéla pele.","/Users/bonzysalesman/Project/PUO-AI/ocr_splits/casalis_b/page_024_left.png","page_024_left.txt","",""
"Benevolence","n.","molemo, mo-sa.","/Users/bonzysalesman/Project/PUO-AI/ocr_splits/casalis_b/page_024_left.png","page_024_left.txt","",""
"Benighted","adj.","to be benighted, ho phiriméloa, ho ba lefifing.","/Users/bonzysalesman/Project/PUO-AI/ocr_splits/casalis_b/page_024_left.png","page_024_left.txt","",""
"Bent","ho.","kobéha, tenye-","/Users/bonzysalesman/Project/PUO-AI/ocr_splits/casalis_b/page_024_left.png","page_024_left.txt","",""
"Bent","n.","kobamo, khopamo.","/Users/bonzysalesman/Project/PUO-AI/ocr_splits/casalis_b/page_024_left.png","page_024_left.txt","",""
"Benumbed","adj.","to be benum-","/Users/bonzysalesman/Project/PUO-AI/ocr_splits/casalis_b/page_024_left.png","page_024_left.txt","",""
"Bequeath","v.","ho siéla motho Jerno.","/Users/bonzysalesman/Project/PUO-AI/ocr_splits/casalis_b/page_024_left.png","page_024_left.txt","",""
"Bequest","n.","neo e sitloang motho.","/Users/bonzysalesman/Project/PUO-AI/ocr_splits/casalis_b/page_024_right.png","page_024_right.txt","",""
"Bereft","adj.","to be bereft, ho shuéloa ke.","/Users/bonzysalesman/Project/PUO-AI/ocr_splits/casalis_b/page_024_right.png","page_024_right.txt","",""
"Berry","n.","khunoane.","/Users/bonzysalesman/Project/PUO-AI/ocr_splits/casalis_b/page_024_right.png","page_024_right.txt","",""
"Berth","n.","(a room in a ship) phapési ea ho robala seképéng; (an appoint. ment) kabélo ea motho; to give a wide berth, ho kuekuetla haholo.","/Users/bonzysalesman/Project/PUO-AI/ocr_splits/casalis_b/page_024_right.png","page_024_right.txt","",""
"Beseech","v.","ho rapelisisa.","/Users/bonzysalesman/Project/PUO-AI/ocr_splits/casalis_b/page_024_right.png","page_024_right.txt","",""
"Beside","prep.","kathdko ho, kan-tle ho, haufi le; fo be beside one's self, ho fere-kana hahdlo.","/Users/bonzysalesman/Project/PUO-AI/ocr_splits/casalis_b/page_024_right.png","page_024_right.txt","",""
"Besides","adv.","kantle ho moo.","/Users/bonzysalesman/Project/PUO-AI/ocr_splits/casalis_b/page_024_right.png","page_024_right.txt","",""
"Besiege","v.","ho thibélla, pa-téla.","/Users/bonzysalesman/Project/PUO-AI/ocr_splits/casalis_b/page_024_right.png","page_024_right.txt","",""
"Bestiality","n.",", bophoofolo.","/Users/bonzysalesman/Project/PUO-AI/ocr_splits/casalis_b/page_024_right.png","page_024_right.txt","",""
"Bestir","vy.","ho tsdsa, radsa,","/Users/bonzysalesman/Project/PUO-AI/ocr_splits/casalis_b/page_024_right.png","page_024_right.txt","",""
"Bet","v.","ho phta khang (ka chelete).","/Users/bonzysalesman/Project/PUO-AI/ocr_splits/casalis_b/page_024_right.png","page_024_right.txt","",""
"Betray","vy.","ho éka, fantsa.","/Users/bonzysalesman/Project/PUO-AI/ocr_splits/casalis_b/page_024_right.png","page_024_right.txt","",""
"Betroth","v.","ho t8episa lenya-","/Users/bonzysalesman/Project/PUO-AI/ocr_splits/casalis_b/page_024_right.png","page_024_right.txt","",""
"Better","adv.","ka mokhoa o fetang; to be better than, ho feta ka molemo; to get better, ho thuséha.","/Users/bonzysalesman/Project/PUO-AI/ocr_splits/casalis_b/page_024_right.png","page_024_right.txt","",""
"Between","prep.","har'a, maha-","/Users/bonzysalesman/Project/PUO-AI/ocr_splits/casalis_b/page_024_right.png","page_024_right.txt","",""
"Beud","vy.","ho koba; to become","/Users/bonzysalesman/Project/PUO-AI/ocr_splits/casalis_b/page_024_left.png","page_024_left.txt","",""
"Beverage","w.","send, lipotlo.","/Users/bonzysalesman/Project/PUO-AI/ocr_splits/casalis_b/page_025_left.png","page_025_left.txt","",""
"Bewail","v.","lo Ma, léla.","/Users/bonzysalesman/Project/PUO-AI/ocr_splits/casalis_b/page_025_left.png","page_025_left.txt","",""
"Beware","vy.","ho iponéla, t8aba. — B","/Users/bonzysalesman/Project/PUO-AI/ocr_splits/casalis_b/page_025_left.png","page_025_left.txt","",""
"Bewilder","v.","ho tsietsa. B","/Users/bonzysalesman/Project/PUO-AI/ocr_splits/casalis_b/page_025_left.png","page_025_left.txt","",""
"Bewitch","v.","ho loéa, phosa,","/Users/bonzysalesman/Project/PUO-AI/ocr_splits/casalis_b/page_025_left.png","page_025_left.txt","",""
"Bey","v.","(to ask earnestly) ho","/Users/bonzysalesman/Project/PUO-AI/ocr_splits/casalis_b/page_023_left.png","page_023_left.txt","",""
"Beyond","prep.","kapele ho, ka-kuane ho; adv. mane,","/Users/bonzysalesman/Project/PUO-AI/ocr_splits/casalis_b/page_025_left.png","page_025_left.txt","",""
"Bi","n.","(of a bridle) tomo; f","/Users/bonzysalesman/Project/PUO-AI/ocr_splits/casalis_b/page_025_left.png","page_025_left.txt","",""
"Bias","n.","tsékémo B","/Users/bonzysalesman/Project/PUO-AI/ocr_splits/casalis_b/page_025_left.png","page_025_left.txt","",""
"Bid","v.","ho kopa, laéla. B","/Users/bonzysalesman/Project/PUO-AI/ocr_splits/casalis_b/page_025_left.png","page_025_left.txt","",""
"Bide","v.","ho mamélla.","/Users/bonzysalesman/Project/PUO-AI/ocr_splits/casalis_b/page_025_left.png","page_025_left.txt","",""
"Bier","vn.","moyaro oa bafu. f","/Users/bonzysalesman/Project/PUO-AI/ocr_splits/casalis_b/page_025_left.png","page_025_left.txt","",""
"Big","aclj.","e tenya, kholo.","/Users/bonzysalesman/Project/PUO-AI/ocr_splits/casalis_b/page_025_left.png","page_025_left.txt","",""
"Bigamy","v.","ho nyala basali ba babeli. 1","/Users/bonzysalesman/Project/PUO-AI/ocr_splits/casalis_b/page_025_left.png","page_025_left.txt","",""
"Bile","w.","nyooko.","/Users/bonzysalesman/Project/PUO-AI/ocr_splits/casalis_b/page_025_left.png","page_025_left.txt","",""
"Bill","n.","(a beak) molomo oa tb","/Users/bonzysalesman/Project/PUO-AI/ocr_splits/casalis_b/page_025_left.png","page_025_left.txt","",""
"Bind","v.","(to fasten) ho tlama,","/Users/bonzysalesman/Project/PUO-AI/ocr_splits/casalis_b/page_025_left.png","page_025_left.txt","",""
"Bird","v.","nonyana, serura.","/Users/bonzysalesman/Project/PUO-AI/ocr_splits/casalis_b/page_025_left.png","page_025_left.txt","",""
"Birth","n.","tsualo, thaho.","/Users/bonzysalesman/Project/PUO-AI/ocr_splits/casalis_b/page_025_left.png","page_025_left.txt","",""
"Birthday","n.","\etsatsi la teua=f lo ea motho. !","/Users/bonzysalesman/Project/PUO-AI/ocr_splits/casalis_b/page_025_left.png","page_025_left.txt","",""
"Blast","v.","(to cause to wither ho pontia; (to destroy ho senya; (to split wit powder) ho qhdémisa.","/Users/bonzysalesman/Project/PUO-AI/ocr_splits/casalis_b/page_026_left.png","page_026_left.txt","",""
"Bleach","v.","ho sueufatsa ma sela.","/Users/bonzysalesman/Project/PUO-AI/ocr_splits/casalis_b/page_026_left.png","page_026_left.txt","",""
"Bleak","adj.","(exposed) e phe nydleng; (cold) ¢ hatse tseng.","/Users/bonzysalesman/Project/PUO-AI/ocr_splits/casalis_b/page_026_left.png","page_026_left.txt","",""
"Bleat","v.","ho lla ha uku.","/Users/bonzysalesman/Project/PUO-AI/ocr_splits/casalis_b/page_026_left.png","page_026_left.txt","",""
"Bleed","v.","ho tsua mali; (¢ bleed by lancing) hh","/Users/bonzysalesman/Project/PUO-AI/ocr_splits/casalis_b/page_026_left.png","page_026_left.txt","",""
"Blemish","v.",". (a defect) sekoli letheba; (a difformity bohole.","/Users/bonzysalesman/Project/PUO-AI/ocr_splits/casalis_b/page_026_left.png","page_026_left.txt","",""
"Blend","v.","ho kopanya, tsuu kanya.","/Users/bonzysalesman/Project/PUO-AI/ocr_splits/casalis_b/page_026_left.png","page_026_left.txt","",""
"Bless","v.","ho hlohonolofatss boka.","/Users/bonzysalesman/Project/PUO-AI/ocr_splits/casalis_b/page_026_left.png","page_026_left.txt","",""
"Blind","v.","ho foufatsa, fahla the dust has blinded me leréle le mphahblile; be blind, ho foufale","/Users/bonzysalesman/Project/PUO-AI/ocr_splits/casalis_b/page_026_left.png","page_026_left.txt","",""
"Blindness","vn.","bofofu.","/Users/bonzysalesman/Project/PUO-AI/ocr_splits/casalis_b/page_026_left.png","page_026_left.txt","",""
"Blink","v.","ho panya, quatsi ma","/Users/bonzysalesman/Project/PUO-AI/ocr_splits/casalis_b/page_026_left.png","page_026_left.txt","",""
"Bliss","n.","boikétlo bo boholi bomalimatle.","/Users/bonzysalesman/Project/PUO-AI/ocr_splits/casalis_b/page_026_left.png","page_026_left.txt","",""
"Blister","n.","lechachetsi, letsua","/Users/bonzysalesman/Project/PUO-AI/ocr_splits/casalis_b/page_026_left.png","page_026_left.txt","",""
"Blithe","adj.","e thabileng.","/Users/bonzysalesman/Project/PUO-AI/ocr_splits/casalis_b/page_026_right.png","page_026_right.txt","",""
"Block","n.","(piece of timber,","/Users/bonzysalesman/Project/PUO-AI/ocr_splits/casalis_b/page_026_right.png","page_026_right.txt","",""
"Blood-thirsty","adj.","ew vatang ho tsdlla mali, ea se-) hloho.","/Users/bonzysalesman/Project/PUO-AI/ocr_splits/casalis_b/page_026_right.png","page_026_right.txt","",""
"Bloodshed","n.","tsdlého ea mali, 5 tSdllo ea mali.","/Users/bonzysalesman/Project/PUO-AI/ocr_splits/casalis_b/page_026_right.png","page_026_right.txt","",""
"Bloom","n.","(blossom) palesa; h (beauty) botle.","/Users/bonzysalesman/Project/PUO-AI/ocr_splits/casalis_b/page_026_right.png","page_026_right.txt","",""
"Blossom","v.","palesa; v. ho","/Users/bonzysalesman/Project/PUO-AI/ocr_splits/casalis_b/page_026_right.png","page_026_right.txt","",""
"Blot","v.","ho etsa matheba, si-\s lafatsa; to blot out, ho hlakéla; n. koli, lethe-5 ba., Blow, n, (a, stroke) kotlo, tja-0 bélo; (a calamity) tsie-5 tsi, sehloho., Blow, v. ho fdka, bulula; the wind és blowing, mo-é¢a oa foka; to blow a: trumpet, ho letsa phala; lo blow the fire, ho bu-i, tsurla mollo; ta blow out the candle, ho tima lebone; to blow up, ho","/Users/bonzysalesman/Project/PUO-AI/ocr_splits/casalis_b/page_026_right.png","page_026_right.txt","",""
"Blue","adj.","e tala, e« putsua; | n. botala (bo kang ba 1 leholimo), boputsua (fem e pulutsoana).","/Users/bonzysalesman/Project/PUO-AI/ocr_splits/casalis_b/page_027_left.png","page_027_left.txt","",""
"Blues","n.","plur. to be in the","/Users/bonzysalesman/Project/PUO-AI/ocr_splits/casalis_b/page_027_left.png","page_027_left.txt","",""
"Blues","ho.","tepella.","/Users/bonzysalesman/Project/PUO-AI/ocr_splits/casalis_b/page_027_left.png","page_027_left.txt","",""
"Blunder","n.","phoso; v. ho ¢tsa phoso","/Users/bonzysalesman/Project/PUO-AI/ocr_splits/casalis_b/page_027_left.png","page_027_left.txt","",""
"Blunt","adj.","e botsua. e nthi-","/Users/bonzysalesman/Project/PUO-AI/ocr_splits/casalis_b/page_027_left.png","page_027_left.txt","",""
"Blur","n.","letheba; v. ho sila1 fatsa.","/Users/bonzysalesman/Project/PUO-AI/ocr_splits/casalis_b/page_027_left.png","page_027_left.txt","",""
"Blurt","v.","ho phamoha. l","/Users/bonzysalesman/Project/PUO-AI/ocr_splits/casalis_b/page_027_left.png","page_027_left.txt","",""
"Blush","v.","ho fubela.","/Users/bonzysalesman/Project/PUO-AI/ocr_splits/casalis_b/page_027_left.png","page_027_left.txt","",""
"Bluster","v.","ho tlerdha.:","/Users/bonzysalesman/Project/PUO-AI/ocr_splits/casalis_b/page_027_left.png","page_027_left.txt","",""
"Boar","n.","kolobe ea raha. |","/Users/bonzysalesman/Project/PUO-AI/ocr_splits/casalis_b/page_027_left.png","page_027_left.txt","",""
"Board","n.","(a plank) lemsti, planka; (a fudle) tato-le; (fued) liyo; ve ho | fépa e mong liyo tseo a li lefang.;","/Users/bonzysalesman/Project/PUO-AI/ocr_splits/casalis_b/page_027_left.png","page_027_left.txt","",""
"Boat","vn.","seképe, sek uciti.","/Users/bonzysalesman/Project/PUO-AI/ocr_splits/casalis_b/page_027_left.png","page_027_left.txt","",""
"Boaviling-house","n.","ntld eo mothé « lulang ho conn | ka ho lefa liyo le bete } Boast, ¥. ho ithorisa, ikitéka,","/Users/bonzysalesman/Project/PUO-AI/ocr_splits/casalis_b/page_027_left.png","page_027_left.txt","",""
"Boblan","vn.","morvutée oa litéuc| le.","/Users/bonzysalesman/Project/PUO-AI/ocr_splits/casalis_b/page_027_left.png","page_027_left.txt","",""
"Bodily","av.","ka ‘mele, ka se","/Users/bonzysalesman/Project/PUO-AI/ocr_splits/casalis_b/page_027_left.png","page_027_left.txt","",""
"Bofa","holeha.",", fasa; (to | seu upon) ho rokella,","/Users/bonzysalesman/Project/PUO-AI/ocr_splits/casalis_b/page_025_left.png","page_025_left.txt","",""
"Bokolla","poka.",", hololn,","/Users/bonzysalesman/Project/PUO-AI/ocr_splits/casalis_b/page_023_right.png","page_023_right.txt","",""
"Bold","aclj.","¢ sa tsabeny, e seng boovi.","/Users/bonzysalesman/Project/PUO-AI/ocr_splits/casalis_b/page_027_right.png","page_027_right.txt","",""
"Boldly","adv.","kx matla, ka ho s¢ tkabe.","/Users/bonzysalesman/Project/PUO-AI/ocr_splits/casalis_b/page_027_right.png","page_027_right.txt","",""
"Bolt","w.","(uf a dour) mokuallo on lemali, boute; (of lightuing) tlali; v. (le shut) bho Kuala; (to ron away) ho thoba, hola, baléha.","/Users/bonzysalesman/Project/PUO-AI/ocr_splits/casalis_b/page_027_right.png","page_027_right.txt","",""
"Bond","n.","(anything that binds)","/Users/bonzysalesman/Project/PUO-AI/ocr_splits/casalis_b/page_027_right.png","page_027_right.txt","",""
"Bone","n.","lesapo.","/Users/bonzysalesman/Project/PUO-AI/ocr_splits/casalis_b/page_028_left.png","page_028_left.txt","",""
"Bonnet","n.","katiba ca mosali.","/Users/bonzysalesman/Project/PUO-AI/ocr_splits/casalis_b/page_028_left.png","page_028_left.txt","",""
"Bonyaua","e.","Bill. (an account) lengolo £ lu molaté oa chelete le-venkeleng; (a law) mo-réro oa molay o réroang = | kh6tla.","/Users/bonzysalesman/Project/PUO-AI/ocr_splits/casalis_b/page_025_left.png","page_025_left.txt","",""
"Book","n.","buka.","/Users/bonzysalesman/Project/PUO-AI/ocr_splits/casalis_b/page_028_left.png","page_028_left.txt","",""
"Boom","v.","ho luma, kiritla.","/Users/bonzysalesman/Project/PUO-AI/ocr_splits/casalis_b/page_028_left.png","page_028_left.txt","",""
"Boon","n.","t8itso, mpho, thuso.","/Users/bonzysalesman/Project/PUO-AI/ocr_splits/casalis_b/page_028_left.png","page_028_left.txt","",""
"Boot","n.","seéta (se fihlang hlatung).","/Users/bonzysalesman/Project/PUO-AI/ocr_splits/casalis_b/page_028_left.png","page_028_left.txt","",""
"Booth","n.","ntléana, motlotloa-","/Users/bonzysalesman/Project/PUO-AI/ocr_splits/casalis_b/page_028_left.png","page_028_left.txt","",""
"Booty","n.","khapo, thépa.","/Users/bonzysalesman/Project/PUO-AI/ocr_splits/casalis_b/page_028_left.png","page_028_left.txt","",""
"Bor","n.","(a case) lekese, le-tlole.","/Users/bonzysalesman/Project/PUO-AI/ocr_splits/casalis_b/page_028_right.png","page_028_right.txt","",""
"Border","n.","(limit) moeli.","/Users/bonzysalesman/Project/PUO-AI/ocr_splits/casalis_b/page_028_left.png","page_028_left.txt","",""
"Bore","v.","and n. (to perforate) ho phunya, bora; boro; (to annoy) ho khathatsa, hloliéa; mothé ea kha-thatsang.","/Users/bonzysalesman/Project/PUO-AI/ocr_splits/casalis_b/page_028_left.png","page_028_left.txt","",""
"Borrow","v.","ho alima, Kalima. Bosom, 1. sefuba.","/Users/bonzysalesman/Project/PUO-AI/ocr_splits/casalis_b/page_028_left.png","page_028_left.txt","",""
"Both","adj.","bobeli; both of us went to prison, va ba te-, ronokong bobeli ba réna.","/Users/bonzysalesman/Project/PUO-AI/ocr_splits/casalis_b/page_028_left.png","page_028_left.txt","",""
"Bother","v.","ho khathatsa, ka-","/Users/bonzysalesman/Project/PUO-AI/ocr_splits/casalis_b/page_028_left.png","page_028_left.txt","",""
"Bottle","n.","botlolo.","/Users/bonzysalesman/Project/PUO-AI/ocr_splits/casalis_b/page_028_left.png","page_028_left.txt","",""
"Bottom","n.","botlase ba ntho.","/Users/bonzysalesman/Project/PUO-AI/ocr_splits/casalis_b/page_028_left.png","page_028_left.txt","",""
"Bottomless","adj.","e boliba bo sé nang ho lekangoa.","/Users/bonzysalesman/Project/PUO-AI/ocr_splits/casalis_b/page_028_left.png","page_028_left.txt","",""
"Bough","n.","lekala la sefate.","/Users/bonzysalesman/Project/PUO-AI/ocr_splits/casalis_b/page_028_left.png","page_028_left.txt","",""
"Boulder","n.","morallana.","/Users/bonzysalesman/Project/PUO-AI/ocr_splits/casalis_b/page_028_left.png","page_028_left.txt","",""
"Bounce","v.","(to leap) ho tléla; (to boast) ho ithorisa.","/Users/bonzysalesman/Project/PUO-AI/ocr_splits/casalis_b/page_028_left.png","page_028_left.txt","",""
"Bound","v.","ho tlola, tlolaka.","/Users/bonzysalesman/Project/PUO-AI/ocr_splits/casalis_b/page_028_left.png","page_028_left.txt","",""
"Boundary","n.","moeli.","/Users/bonzysalesman/Project/PUO-AI/ocr_splits/casalis_b/page_028_right.png","page_028_right.txt","",""
"Bouster","vw.","moithorisi, molo-bé, lehoulohoalo.","/Users/bonzysalesman/Project/PUO-AI/ocr_splits/casalis_b/page_027_left.png","page_027_left.txt","",""
"Bow","v.","ho kéba, kebisa; to bow the body, ho inama, koboteéla,","/Users/bonzysalesman/Project/PUO-AI/ocr_splits/casalis_b/page_028_right.png","page_028_right.txt","",""
"Bow","n.","(for arrows) seqha.","/Users/bonzysalesman/Project/PUO-AI/ocr_splits/casalis_b/page_028_right.png","page_028_right.txt","",""
"Bowels","n.","plur mala, likaha-","/Users/bonzysalesman/Project/PUO-AI/ocr_splits/casalis_b/page_028_right.png","page_028_right.txt","",""
"Bowl","n.","morifi.","/Users/bonzysalesman/Project/PUO-AI/ocr_splits/casalis_b/page_028_right.png","page_028_right.txt","",""
"Box","v.","(to fight with the fists) ho loana ka litebele, ka lifeisi; (to strike) ho oa-hléla, vabéla.","/Users/bonzysalesman/Project/PUO-AI/ocr_splits/casalis_b/page_028_right.png","page_028_right.txt","",""
"Boy","n.","moshanyana, moshe-","/Users/bonzysalesman/Project/PUO-AI/ocr_splits/casalis_b/page_028_right.png","page_028_right.txt","",""
"Bracelet","n.","mofiri, mofitSana,","/Users/bonzysalesman/Project/PUO-AI/ocr_splits/casalis_b/page_028_right.png","page_028_right.txt","",""
"Braces","n.","plur. kruspaue.","/Users/bonzysalesman/Project/PUO-AI/ocr_splits/casalis_b/page_028_right.png","page_028_right.txt","",""
"Brackish","adj.","e lebu, e le-","/Users/bonzysalesman/Project/PUO-AI/ocr_splits/casalis_b/page_028_right.png","page_028_right.txt","",""
"Brag","v.","ho ithorisa","/Users/bonzysalesman/Project/PUO-AI/ocr_splits/casalis_b/page_028_right.png","page_028_right.txt","",""
"Braid","v.","ho loha, phétha.","/Users/bonzysalesman/Project/PUO-AI/ocr_splits/casalis_b/page_028_right.png","page_028_right.txt","",""
"Brain","n.","buko; (the tntel-levt) kelello","/Users/bonzysalesman/Project/PUO-AI/ocr_splits/casalis_b/page_028_right.png","page_028_right.txt","",""
"Braise","v.","ho nt&a matetetso, ho tetetsa; to be braised, ho phobéla: n. letetetso, mororopa.","/Users/bonzysalesman/Project/PUO-AI/ocr_splits/casalis_b/page_030_right.png","page_030_right.txt","",""
"Brake","un.","ntho e khinang ma-bili.","/Users/bonzysalesman/Project/PUO-AI/ocr_splits/casalis_b/page_028_right.png","page_028_right.txt","",""
"Bramble","vi.","sebayoa.","/Users/bonzysalesman/Project/PUO-AI/ocr_splits/casalis_b/page_028_right.png","page_028_right.txt","",""
"Bran","n.","semelesi.","/Users/bonzysalesman/Project/PUO-AI/ocr_splits/casalis_b/page_028_right.png","page_028_right.txt","",""
"Branch","n.","(of a tree) lekala; (of a family) lesika, mo-","/Users/bonzysalesman/Project/PUO-AI/ocr_splits/casalis_b/page_028_right.png","page_028_right.txt","",""
"Brand","n.","(a piece of wood","/Users/bonzysalesman/Project/PUO-AI/ocr_splits/casalis_b/page_028_right.png","page_028_right.txt","",""
"Brandish","v.","ho eka, nonya. Brandy n. yoala ba seKhooa.","/Users/bonzysalesman/Project/PUO-AI/ocr_splits/casalis_b/page_029_left.png","page_029_left.txt","",""
"Brarery","n.","bohale, bonatla. |","/Users/bonzysalesman/Project/PUO-AI/ocr_splits/casalis_b/page_029_left.png","page_029_left.txt","",""
"Brass","n.",", koporo, tepe e tse-","/Users/bonzysalesman/Project/PUO-AI/ocr_splits/casalis_b/page_029_left.png","page_029_left.txt","",""
"Brave","adj.","e sa tsabeng, e","/Users/bonzysalesman/Project/PUO-AI/ocr_splits/casalis_b/page_029_left.png","page_029_left.txt","",""
"Brawl","v.","tséko, mofere-fere.","/Users/bonzysalesman/Project/PUO-AI/ocr_splits/casalis_b/page_029_left.png","page_029_left.txt","",""
"Bray","v.","ho Ma ha esélé.","/Users/bonzysalesman/Project/PUO-AI/ocr_splits/casalis_b/page_029_left.png","page_029_left.txt","",""
"Breach","n.","sekheo. |","/Users/bonzysalesman/Project/PUO-AI/ocr_splits/casalis_b/page_029_left.png","page_029_left.txt","",""
"Break","v.","(to cause to break) ho roba, pshatla, roba-","/Users/bonzysalesman/Project/PUO-AI/ocr_splits/casalis_b/page_029_left.png","page_029_left.txt","",""
"Breast","n.","sefuba, letauele.","/Users/bonzysalesman/Project/PUO-AI/ocr_splits/casalis_b/page_029_left.png","page_029_left.txt","",""
"Breath","a.","pululo, phefoma.","/Users/bonzysalesman/Project/PUO-AI/ocr_splits/casalis_b/page_029_left.png","page_029_left.txt","",""
"Breathe","v.","ho phefumoloha.","/Users/bonzysalesman/Project/PUO-AI/ocr_splits/casalis_b/page_029_left.png","page_029_left.txt","",""
"Breatning-time","n.","ho ntia le-tSuea,","/Users/bonzysalesman/Project/PUO-AI/ocr_splits/casalis_b/page_029_right.png","page_029_right.txt","",""
"Breeches","n.","plur. marikhue.","/Users/bonzysalesman/Project/PUO-AI/ocr_splits/casalis_b/page_029_right.png","page_029_right.txt","",""
"Breed","v.","(to generate) ho tsuala (ha ho buona ka liphoofolo feéla); (to ocrasim) ho hlahisa, tsosa.","/Users/bonzysalesman/Project/PUO-AI/ocr_splits/casalis_b/page_029_right.png","page_029_right.txt","",""
"Breeze","n.",", moéa o fokang ha-_sesane.","/Users/bonzysalesman/Project/PUO-AI/ocr_splits/casalis_b/page_029_right.png","page_029_right.txt","",""
"Brew","v.","ho rathdla, ritéla.","/Users/bonzysalesman/Project/PUO-AI/ocr_splits/casalis_b/page_029_right.png","page_029_right.txt","",""
"Brick","n.","lekote, setene.","/Users/bonzysalesman/Project/PUO-AI/ocr_splits/casalis_b/page_029_right.png","page_029_right.txt","",""
"Bride","n.","monyaluoa.","/Users/bonzysalesman/Project/PUO-AI/ocr_splits/casalis_b/page_029_right.png","page_029_right.txt","",""
"Bridegroom","n.","monyali.","/Users/bonzysalesman/Project/PUO-AI/ocr_splits/casalis_b/page_029_right.png","page_029_right.txt","",""
"Bridge","n.","brogo.","/Users/bonzysalesman/Project/PUO-AI/ocr_splits/casalis_b/page_029_right.png","page_029_right.txt","",""
"Bridle","n.","tomo, mohala, se-qaléka; v. ho kenya tomo.","/Users/bonzysalesman/Project/PUO-AI/ocr_splits/casalis_b/page_029_right.png","page_029_right.txt","",""
"Bright","adj.","(shining) e kho-","/Users/bonzysalesman/Project/PUO-AI/ocr_splits/casalis_b/page_029_right.png","page_029_right.txt","",""
"Brim","n.","(of a pot) morumo; (of a hat) lepéno.","/Users/bonzysalesman/Project/PUO-AI/ocr_splits/casalis_b/page_029_right.png","page_029_right.txt","",""
"Brimful","adj.","e khapataé-hang.","/Users/bonzysalesman/Project/PUO-AI/ocr_splits/casalis_b/page_029_right.png","page_029_right.txt","",""
"Bring","ve.","ho thsa; lo breng","/Users/bonzysalesman/Project/PUO-AI/ocr_splits/casalis_b/page_029_right.png","page_029_right.txt","",""
"Brink","vw.","Vintsi.","/Users/bonzysalesman/Project/PUO-AI/ocr_splits/casalis_b/page_030_left.png","page_030_left.txt","",""
"Brisk","adj.","© mafél6-f516, e hlaha.","/Users/bonzysalesman/Project/PUO-AI/ocr_splits/casalis_b/page_030_left.png","page_030_left.txt","",""
"Bristle","n.","boéa ba kolohe; v. ho hlant&a boda, tke. tlama.","/Users/bonzysalesman/Project/PUO-AI/ocr_splits/casalis_b/page_030_left.png","page_030_left.txt","",""
"Broad","adj.","@ sephara, batsi, hébe-hébé, phatlale-","/Users/bonzysalesman/Project/PUO-AI/ocr_splits/casalis_b/page_030_left.png","page_030_left.txt","",""
"Broadly","adv.","phatlalatsa.","/Users/bonzysalesman/Project/PUO-AI/ocr_splits/casalis_b/page_030_left.png","page_030_left.txt","",""
"Broil","v.","(over the fire) ho besa mashaleng; (from heat) ho futhumala ha-mpe","/Users/bonzysalesman/Project/PUO-AI/ocr_splits/casalis_b/page_030_left.png","page_030_left.txt","",""
"Broken","adj.","e robehileng, e shuéleng, e pshatlehi-leng.","/Users/bonzysalesman/Project/PUO-AI/ocr_splits/casalis_b/page_030_left.png","page_030_left.txt","",""
"Broken-hearted","adj.","e qha-","/Users/bonzysalesman/Project/PUO-AI/ocr_splits/casalis_b/page_030_left.png","page_030_left.txt","",""
"Brooch","n.","sehokélo, sepele. °","/Users/bonzysalesman/Project/PUO-AI/ocr_splits/casalis_b/page_030_left.png","page_030_left.txt","",""
"Brood","n.","malinyane; v ho alama; to brood over, ho nahana. Brook, 1 molapo.","/Users/bonzysalesman/Project/PUO-AI/ocr_splits/casalis_b/page_030_left.png","page_030_left.txt","",""
"Broom","n.","lefitlo. Broth,. moro.","/Users/bonzysalesman/Project/PUO-AI/ocr_splits/casalis_b/page_030_left.png","page_030_left.txt","",""
"Brother","n.","(of a male) ngua-nabo; (of a female) kha-","/Users/bonzysalesman/Project/PUO-AI/ocr_splits/casalis_b/page_030_left.png","page_030_left.txt","",""
"Brotherhood","n.","hoena.","/Users/bonzysalesman/Project/PUO-AI/ocr_splits/casalis_b/page_030_left.png","page_030_left.txt","",""
"Brow","n.","( forehead) phatia.","/Users/bonzysalesman/Project/PUO-AI/ocr_splits/casalis_b/page_030_left.png","page_030_left.txt","",""
"Brown","adj.","@ sootho.","/Users/bonzysalesman/Project/PUO-AI/ocr_splits/casalis_b/page_030_right.png","page_030_right.txt","",""
"Browse","v.","ho ya lintlha tsa makala a lihlahla.","/Users/bonzysalesman/Project/PUO-AI/ocr_splits/casalis_b/page_030_right.png","page_030_right.txt","",""
"Brrbe","un.","néo ca ho khopa-misa kahlolo.","/Users/bonzysalesman/Project/PUO-AI/ocr_splits/casalis_b/page_029_right.png","page_029_right.txt","",""
"Brush","n.","and y, (for eclean-ing) borosolo, ho boro-sola: (a skirmish) ntoa-nyana.","/Users/bonzysalesman/Project/PUO-AI/ocr_splits/casalis_b/page_030_right.png","page_030_right.txt","",""
"Brutality","n.","sehloho. Brute, ‘n. (a beast) phoofolo: (a savage person) motho ea sehloho.","/Users/bonzysalesman/Project/PUO-AI/ocr_splits/casalis_b/page_030_right.png","page_030_right.txt","",""
"Buarnesa","vn.","mosehetsi, téina-","/Users/bonzysalesman/Project/PUO-AI/ocr_splits/casalis_b/page_031_left.png","page_031_left.txt","",""
"Bubble","n.","pulula, sebulula; (something not real) ntho esa tiéang, e sé nang ""nete.","/Users/bonzysalesman/Project/PUO-AI/ocr_splits/casalis_b/page_030_right.png","page_030_right.txt","",""
"Buck","n.","khama e téna.","/Users/bonzysalesman/Project/PUO-AI/ocr_splits/casalis_b/page_030_right.png","page_030_right.txt","",""
"Buckle","vy.","ho ngoma, ngoméla.","/Users/bonzysalesman/Project/PUO-AI/ocr_splits/casalis_b/page_030_right.png","page_030_right.txt","",""
"Bud","n.","mondk6; v. ho etsa lin6k6, ho thunya.","/Users/bonzysalesman/Project/PUO-AI/ocr_splits/casalis_b/page_030_right.png","page_030_right.txt","",""
"Bugle","n.","phala (ea masole).","/Users/bonzysalesman/Project/PUO-AI/ocr_splits/casalis_b/page_030_right.png","page_030_right.txt","",""
"Build","v.","ho haha.","/Users/bonzysalesman/Project/PUO-AI/ocr_splits/casalis_b/page_030_right.png","page_030_right.txt","",""
"Builder","n.","sehahi. Building, » mohaho.","/Users/bonzysalesman/Project/PUO-AI/ocr_splits/casalis_b/page_030_right.png","page_030_right.txt","",""
"Bulb","n.","schoete.","/Users/bonzysalesman/Project/PUO-AI/ocr_splits/casalis_b/page_030_right.png","page_030_right.txt","",""
"Bulky","adj.","e kholo.","/Users/bonzysalesman/Project/PUO-AI/ocr_splits/casalis_b/page_030_right.png","page_030_right.txt","",""
"Bull","n.","poho.","/Users/bonzysalesman/Project/PUO-AI/ocr_splits/casalis_b/page_030_right.png","page_030_right.txt","",""
"Bullet","n.","kulo, thdloana,","/Users/bonzysalesman/Project/PUO-AI/ocr_splits/casalis_b/page_030_right.png","page_030_right.txt","",""
"Bullock","n.","pholo.","/Users/bonzysalesman/Project/PUO-AI/ocr_splits/casalis_b/page_030_right.png","page_030_right.txt","",""
"Bully","a.","sengange, senga-ngele,","/Users/bonzysalesman/Project/PUO-AI/ocr_splits/casalis_b/page_030_right.png","page_030_right.txt","",""
"Bump","vw.","(a swelling) boru-","/Users/bonzysalesman/Project/PUO-AI/ocr_splits/casalis_b/page_031_left.png","page_031_left.txt","",""
"Bunch","n.","sehlopha, lesihla. I","/Users/bonzysalesman/Project/PUO-AI/ocr_splits/casalis_b/page_031_left.png","page_031_left.txt","",""
"Bundle","n.","seshdba, ngata, sehlépha","/Users/bonzysalesman/Project/PUO-AI/ocr_splits/casalis_b/page_031_left.png","page_031_left.txt","",""
"Bungle","v.","ho etsa mosebetsi ka mokhoa o sa_ tsebi-sahaleng. !","/Users/bonzysalesman/Project/PUO-AI/ocr_splits/casalis_b/page_031_left.png","page_031_left.txt","",""
"Burden","n.","phahlo, boima, v. ho iméla. ]","/Users/bonzysalesman/Project/PUO-AI/ocr_splits/casalis_b/page_031_left.png","page_031_left.txt","",""
"Burglar","n.","lesholu (le phu-nyang matl6 bosiu).","/Users/bonzysalesman/Project/PUO-AI/ocr_splits/casalis_b/page_031_left.png","page_031_left.txt","",""
"Burial","n.","képélo I","/Users/bonzysalesman/Project/PUO-AI/ocr_splits/casalis_b/page_031_left.png","page_031_left.txt","",""
"Burn","v.","(to destroy by fire) ho chesn; (to be on fire) I ho cha. thékha, tuka. /","/Users/bonzysalesman/Project/PUO-AI/ocr_splits/casalis_b/page_031_left.png","page_031_left.txt","",""
"Burst","v.","(to get burst) ho","/Users/bonzysalesman/Project/PUO-AI/ocr_splits/casalis_b/page_031_left.png","page_031_left.txt","",""
"Burweed","vn.","sehlaba-hilahane, = | mokadola. Bury. ¥ ho epélu, pata, sn.","/Users/bonzysalesman/Project/PUO-AI/ocr_splits/casalis_b/page_031_left.png","page_031_left.txt","",""
"Burying-place","v.","phupu. E","/Users/bonzysalesman/Project/PUO-AI/ocr_splits/casalis_b/page_031_left.png","page_031_left.txt","",""
"Buse","adj.","e nyatséhang; to be base, ho khuahla-peha.","/Users/bonzysalesman/Project/PUO-AI/ocr_splits/casalis_b/page_021_right.png","page_021_right.txt","",""
"Bush","n.","sehlahla","/Users/bonzysalesman/Project/PUO-AI/ocr_splits/casalis_b/page_031_left.png","page_031_left.txt","",""
"Bushel","wn.",", morula. I","/Users/bonzysalesman/Project/PUO-AI/ocr_splits/casalis_b/page_031_left.png","page_031_left.txt","",""
"Bushman","n.","moRoa.","/Users/bonzysalesman/Project/PUO-AI/ocr_splits/casalis_b/page_031_left.png","page_031_left.txt","",""
"Bustle","n.","mofere-fere mose-betsing.","/Users/bonzysalesman/Project/PUO-AI/ocr_splits/casalis_b/page_031_right.png","page_031_right.txt","",""
